season,week,player_name,defteam,3rd_down_stop,4th_down_stop,qb_hit,sack,tackle_for_loss,forced_fumble,drive_stopper_score,total_impact_plays
2025,9,E.Wilson,MIN,2,0,2,2,3,0,18.0,9
2025,10,T.Knight,SEA,2,0,2,2,3,0,18.0,9
2025,2,F.Oluokun,JAX,4,0,1,1,2,0,16.0,8
2025,15,D.Knight,CIN,2,0,2,2,2,0,16.0,8
2025,7,J.Sherwood,NYJ,3,0,2,1,2,0,15.5,8
2025,12,D.Lloyd,JAX,1,0,4,1,2,0,14.5,8
2026,2,D.Lloyd,CAR,2,1,1,1,2,0,14.5,7
2025,3,K.Elliss,ATL,2,0,1,1,3,0,14.0,7
2025,13,E.Wilson,MIN,1,0,1,1,4,0,14.0,7
2025,15,J.Brooks,MIA,3,0,1,1,2,0,14.0,7
2026,2,E.Cooper,GB,2,0,1,1,3,0,14.0,7
2025,8,J.Brooks,MIA,2,0,1,1,3,0,14.0,7
2025,3,B.Wagner,WAS,0,0,3,2,2,0,13.5,7
2025,2,D.Henley,LAC,1,1,1,1,2,0,12.5,6
2025,16,J.Sherwood,NYJ,1,1,1,1,2,0,12.5,6
2025,4,P.Queen,PIT,1,0,1,1,3,0,12.0,6
2025,16,N.Bolton,KC,3,0,1,1,1,0,12.0,6
2025,12,I.Stalbird,NO,3,0,1,1,1,0,12.0,6
2026,1,N.Dean,LV,2,0,1,1,2,0,12.0,6
2025,11,T.Dodson,MIA,3,0,1,1,1,0,12.0,6
2025,5,Z.Baun,PHI,2,0,2,1,1,0,11.5,6
2025,11,R.Harrison,ATL,2,0,2,1,1,0,11.5,6
2025,4,T.Dodson,MIA,0,1,1,1,2,0,10.5,5
2025,11,C.Barton,TEN,1,1,1,1,1,0,10.5,5
2025,15,E.Cooper,GB,2,1,0,0,2,0,10.5,5
2025,7,T.Dodson,MIA,2,0,1,1,1,0,10.0,5
2025,18,J.Strnad,DEN,2,0,1,1,1,0,10.0,5
2025,14,J.Campbell,DET,2,0,1,1,1,0,10.0,5
2025,5,Z.Franklin,IND,2,0,1,1,1,0,10.0,5
2025,15,J.Gibbens,NE,1,0,1,1,2,0,10.0,5
2025,16,J.Williams,TEN,2,0,1,1,1,0,10.0,5
2025,7,S.Dennis,TB,2,0,1,1,1,0,10.0,5
2025,7,J.Campbell,DET,1,0,1,1,2,0,10.0,5
2025,12,P.O'Connell,SEA,2,0,1,1,1,0,10.0,5
2025,12,N.Dean,PHI,2,0,1,1,1,0,10.0,5
2025,3,C.Schwesinger,CLE,2,0,1,1,1,0,10.0,5
2025,10,Z.Franklin,IND,1,0,1,1,2,0,10.0,5
2025,8,Z.Baun,PHI,1,0,1,1,2,0,10.0,5
2026,1,E.Cooper,GB,1,0,1,1,2,0,10.0,5
2025,10,J.Brooks,MIA,3,0,0,0,2,0,10.0,5
2025,2,J.Brooks,MIA,2,0,1,1,1,0,10.0,5
2026,1,D.Barnes,DET,2,0,1,1,1,0,10.0,5
2026,1,J.Trotter,TB,1,0,1,1,2,0,10.0,5
2025,1,D.Davis,NO,3,0,0,0,2,0,10.0,5
2025,16,C.Schwesinger,CLE,1,0,2,1,1,0,9.5,5
2025,20,D.Winters,SF,1,0,1,0,3,0,9.5,5
2025,13,F.Luvu,WAS,1,0,2,1,1,0,9.5,5
2026,1,B.Cashman,MIN,1,0,2,0,2,0,9.0,5
2025,10,C.Schwesinger,CLE,1,0,2,0,2,0,9.0,5
2025,17,D.Flannigan-Fowles,NYG,1,1,0,1,1,0,9.0,4
2025,2,R.Smith,BAL,0,0,2,0,3,0,9.0,5
2025,18,J.Trotter,PHI,2,0,2,0,1,0,9.0,5
2025,8,R.Spillane,NE,1,1,0,0,2,0,8.5,4
2025,3,F.Luvu,WAS,3,1,0,0,0,0,8.5,4
2025,11,J.Campbell,DET,2,1,0,0,1,0,8.5,4
2025,11,K.Elliss,ATL,0,1,1,1,1,0,8.5,4
2026,1,B.Combs,JAX,0,1,1,1,1,0,8.5,4
2025,15,C.Rozeboom,CAR,1,1,1,1,0,0,8.5,4
2025,4,Z.Baun,PHI,2,0,0,1,1,0,8.5,4
2025,17,T.Dodson,MIA,2,0,0,1,1,0,8.5,4
2025,7,T.Edmunds,CHI,0,1,1,1,1,0,8.5,4
2025,7,K.Murray,DAL,1,0,0,1,2,0,8.5,4
2025,9,D.Barnes,DET,0,0,1,1,2,0,8.0,4
2026,1,J.Campbell,PHI,1,0,1,1,1,0,8.0,4
2026,1,Z.Baun,PHI,3,0,0,0,1,0,8.0,4
2025,21,C.Elliss,NE,1,0,1,1,1,0,8.0,4
2026,1,F.Luvu,WAS,1,0,1,1,1,0,8.0,4
2025,11,J.Brooks,MIA,4,0,0,0,0,0,8.0,4
2025,10,W.Gay,MIA,1,0,1,1,1,0,8.0,4
2025,3,A.Keys,MIN,1,0,1,1,1,0,8.0,4
2026,1,S.Styles,WAS,0,0,1,1,2,0,8.0,4
2026,1,P.Wilson,PIT,2,0,0,0,2,0,8.0,4
2025,2,J.Strnad,DEN,1,0,1,1,1,0,8.0,4
2025,9,D.Henley,LAC,1,0,1,1,1,0,8.0,4
2026,1,V.Miller,JAX,0,0,1,1,2,0,8.0,4
2025,8,T.Wallace,CAR,1,0,1,1,1,0,8.0,4
2025,16,C.Rozeboom,CAR,1,0,1,1,1,0,8.0,4
2025,17,A.Anzalone,DET,1,0,1,1,1,0,8.0,4
2026,2,C.Elliss,NE,1,0,1,1,1,0,8.0,4
2025,9,L.Chenal,KC,1,0,1,1,1,0,8.0,4
2025,9,J.Campbell,DET,1,0,1,1,1,0,8.0,4
2025,10,D.Thomas,SEA,2,0,0,0,2,0,8.0,4
2025,10,R.Harrison,ATL,1,0,1,1,1,0,8.0,4
2025,13,Z.Barnes,NYG,1,0,1,1,1,0,8.0,4
2025,1,D.Henley,LAC,1,0,1,1,1,0,8.0,4
2025,14,E.Wilson,MIN,1,0,1,1,1,0,8.0,4
2025,16,B.Wagner,WAS,0,0,1,1,2,0,8.0,4
2025,16,I.Stalbird,NO,1,0,1,1,1,0,8.0,4
2025,5,I.Pace,MIN,1,0,1,1,1,0,8.0,4
2025,7,D.Barnes,DET,1,0,1,1,1,0,8.0,4
2025,16,E.Wilson,MIN,1,0,1,1,1,0,8.0,4
2025,6,D.Thomas,SEA,1,0,1,1,1,0,8.0,4
2025,6,F.Luvu,WAS,1,0,1,1,1,0,8.0,4
2025,15,P.Queen,PIT,2,0,0,0,2,0,8.0,4
2025,6,J.Strnad,DEN,1,0,1,1,1,0,8.0,4
2025,5,T.Dye,LAC,1,0,0,0,3,0,8.0,4
2025,15,P.Wilson,PIT,1,0,1,1,1,0,8.0,4
2025,6,L.David,TB,1,0,1,1,1,0,8.0,4
2025,5,S.Thompson,BUF,1,0,1,1,1,0,8.0,4
2025,18,B.Cashman,MIN,1,0,1,1,1,0,8.0,4
2025,4,F.Luvu,WAS,1,0,1,1,1,0,8.0,4
2025,7,N.Landman,LA,1,0,1,1,1,0,8.0,4
2025,4,Q.Walker,GB,3,0,0,0,1,0,8.0,4
2025,7,E.Roberts,LV,3,0,0,0,1,0,8.0,4
2025,18,D.Knight,CIN,2,0,1,1,0,0,8.0,4
2025,17,B.Cashman,MIN,1,0,1,1,1,0,8.0,4
2025,18,J.Andreessen,BUF,1,0,1,0,2,0,7.5,4
2025,14,N.Dean,PHI,0,0,2,1,1,0,7.5,4
2025,6,A.Anzalone,DET,3,0,1,0,0,0,7.5,4
2025,1,J.Strnad,DEN,0,0,2,1,1,0,7.5,4
2025,6,F.Oluokun,JAX,2,0,1,0,1,0,7.5,4
2025,13,D.Thomas,SEA,0,1,2,0,1,0,7.5,4
2025,17,N.Landman,LA,2,0,1,0,1,0,7.5,4
2025,11,N.Dean,PHI,0,0,2,1,1,0,7.5,4
2025,12,D.Bush,CLE,0,0,2,1,1,0,7.5,4
2025,12,I.McDuffie,GB,3,0,1,0,0,0,7.5,4
2025,18,D.Phillips,LAC,0,0,2,1,1,0,7.5,4
2025,3,L.David,TB,0,0,2,1,1,0,7.5,4
2025,7,S.James,DAL,0,0,2,1,1,0,7.5,4
2025,7,Q.Walker,GB,0,0,2,1,1,0,7.5,4
2026,1,C.Schwesinger,CLE,2,0,1,0,1,0,7.5,4
2025,10,K.Elliss,ATL,0,0,2,1,1,0,7.5,4
2025,3,R.Smith,BAL,2,0,1,0,1,0,7.5,4
2025,16,S.Dennis,TB,0,0,2,1,1,0,7.5,4
2025,10,D.Winters,SF,1,0,2,0,1,0,7.0,4
2025,14,D.Davis,NO,1,2,0,0,0,0,7.0,3
2025,3,J.Campbell,DET,0,1,0,1,1,0,7.0,3
2025,18,T.Dodson,MIA,2,1,0,0,0,0,6.5,3
2025,3,I.Pace,MIN,1,0,3,0,0,0,6.5,4
2025,11,F.Luvu,WAS,2,1,0,0,0,0,6.5,3
2025,15,R.Smith,BAL,2,1,0,0,0,0,6.5,3
2025,8,B.Carter,CIN,1,1,0,0,1,0,6.5,3
2025,4,A.Davis-Gaither,ARI,1,1,0,0,1,0,6.5,3
2025,17,J.Tavai,NE,0,1,0,0,2,0,6.5,3
2025,11,T.Nowaske,DET,1,1,0,0,1,0,6.5,3
2025,8,B.Okereke,NYG,2,0,0,1,0,0,6.5,3
2025,18,N.Bolton,KC,1,1,0,0,1,0,6.5,3
2025,14,Z.Franklin,IND,2,1,0,0,0,0,6.5,3
2025,16,T.Simpson,BAL,0,0,0,1,2,0,6.5,3
2025,13,I.McDuffie,GB,0,1,0,0,2,0,6.5,3
2025,9,R.Smith,BAL,3,0,0,0,0,0,6.0,3
2025,10,N.Dean,PHI,0,0,1,1,1,0,6.0,3
2025,2,D.Bush,CLE,0,0,1,1,1,0,6.0,3
2026,2,A.Davis-Gaither,IND,2,0,0,0,1,0,6.0,3
2026,2,A.Anzalone,TB,3,0,0,0,0,0,6.0,3
2026,2,D.Barnes,DET,0,0,1,1,1,0,6.0,3
2025,9,C.Gray,TEN,0,0,1,1,1,0,6.0,3
2026,1,D.Thomas,SEA,0,0,1,1,1,0,6.0,3
2025,18,Z.Franklin,IND,1,0,0,0,2,0,6.0,3
2025,19,A.Al-Shaair,HOU,2,0,0,0,1,0,6.0,3
2025,20,E.Kendricks,SF,2,0,0,0,1,0,6.0,3
2025,11,C.Schwesinger,CLE,1,0,0,0,2,0,6.0,3
2026,1,A.Hill,TEN,3,0,0,0,0,0,6.0,3
2026,1,A.Al-Shaair,HOU,2,0,0,0,1,0,6.0,3
2025,3,D.Barnes,DET,1,0,1,1,0,0,6.0,3
2025,10,T.Wallace,CAR,0,0,1,1,1,0,6.0,3
2025,11,C.Robinson,SF,3,0,0,0,0,0,6.0,3
2025,1,S.Dennis,TB,1,0,0,0,2,0,6.0,3
2026,1,E.Jones,SEA,3,0,0,0,0,0,6.0,3
2025,2,D.Winters,SF,3,0,0,0,0,0,6.0,3
2025,2,P.Wilson,PIT,0,0,1,1,1,0,6.0,3
2025,8,T.Buchanan,BAL,1,0,0,0,2,0,6.0,3
2025,9,B.Cashman,MIN,2,0,0,0,1,0,6.0,3
2025,2,K.Murray,DAL,1,0,0,0,2,0,6.0,3
2025,2,K.Elliss,ATL,1,1,1,0,0,0,6.0,3
2025,2,J.Sherwood,NYJ,1,0,0,0,2,0,6.0,3
2025,9,D.Greenlaw,DEN,1,0,1,1,0,0,6.0,3
2025,9,D.Thomas,SEA,0,0,1,1,1,0,6.0,3
2025,8,S.Dennis,TB,0,0,1,1,1,0,6.0,3
2025,8,R.Smith,BAL,3,0,0,0,0,0,6.0,3
2025,9,D.Flannigan-Fowles,NYG,2,0,0,0,1,0,6.0,3
2025,10,D.Bush,CLE,2,0,0,0,1,0,6.0,3
2025,7,J.Brooks,MIA,2,0,0,0,1,0,6.0,3
2025,12,C.Schwesinger,CLE,2,0,0,0,1,0,6.0,3
2025,3,T.Edmunds,CHI,3,0,0,0,0,0,6.0,3
2025,3,T.Dodson,MIA,0,0,1,1,1,0,6.0,3
2025,3,T.Nowaske,DET,0,0,1,1,1,0,6.0,3
2025,18,T.Bethune,SF,0,0,1,1,1,0,6.0,3
2025,3,P.Queen,PIT,2,0,0,0,1,0,6.0,3
2025,7,F.Luvu,WAS,1,0,0,0,2,0,6.0,3
2025,7,E.Wilson,MIN,0,0,1,1,1,0,6.0,3
2025,7,E.Jones,SEA,2,0,0,0,1,0,6.0,3
2025,17,Q.Walker,GB,1,0,1,1,0,0,6.0,3
2025,4,E.Wilson,MIN,2,0,0,0,1,0,6.0,3
2025,4,D.Thomas,SEA,0,0,1,1,1,0,6.0,3
2025,4,J.Campbell,DET,2,0,0,0,1,0,6.0,3
2025,17,J.Gibbens,NE,2,0,0,0,1,0,6.0,3
2025,5,D.Barnes,DET,0,0,1,1,1,0,6.0,3
2025,5,B.Okereke,NYG,3,0,0,0,0,0,6.0,3
2025,16,L.David,TB,0,0,1,1,1,0,6.0,3
2025,14,B.Wagner,WAS,1,0,1,1,0,0,6.0,3
2025,16,N.Landman,LA,0,0,1,1,1,0,6.0,3
2025,14,W.Gay,MIA,0,0,1,1,1,0,6.0,3
2025,6,T.Buchanan,BAL,0,1,1,0,1,0,6.0,3
2025,14,J.Sherwood,NYJ,2,0,0,0,1,0,6.0,3
2025,16,E.Jones,SEA,2,0,0,0,1,0,6.0,3
2025,16,C.Simon,ARI,2,0,0,0,1,0,6.0,3
2025,16,E.Speed,HOU,2,0,0,0,1,0,6.0,3
2025,14,T.Dodson,MIA,1,0,0,0,2,0,6.0,3
2025,14,R.Smith,BAL,2,0,0,0,1,0,6.0,3
2025,6,P.Werner,NO,0,0,1,1,1,0,6.0,3
2025,5,S.James,DAL,3,0,0,0,0,0,6.0,3
2025,5,T.Simpson,BAL,0,0,1,1,1,0,6.0,3
2025,16,B.Cashman,MIN,3,0,0,0,0,0,6.0,3
2025,1,J.Brooks,MIA,2,0,0,0,1,0,6.0,3
2025,15,E.Roberts,LV,0,0,0,0,3,0,6.0,3
2025,15,E.Wilson,MIN,1,1,1,0,0,0,6.0,3
2026,2,P.Werner,NO,0,0,1,1,1,0,6.0,3
2026,2,J.Barham,DAL,2,0,0,0,1,0,6.0,3
2026,2,Z.Baun,PHI,2,0,0,0,1,0,6.0,3
2025,1,B.Wagner,WAS,2,0,0,0,1,0,6.0,3
2025,1,P.Wilson,PIT,1,0,1,0,1,0,5.5,3
2025,6,N.Landman,LA,2,0,1,0,0,0,5.5,3
2025,6,C.Schwesinger,CLE,1,0,1,0,1,0,5.5,3
2025,15,N.Bolton,KC,1,0,1,0,1,0,5.5,3
2026,2,B.Okereke,CAR,2,0,1,0,0,0,5.5,3
2025,1,D.Bush,CLE,1,0,1,0,1,0,5.5,3
2025,4,C.Gray,TEN,1,0,1,0,1,0,5.5,3
2025,12,E.Wilson,MIN,1,0,1,0,1,0,5.5,3
2025,4,K.Elliss,ATL,1,0,1,0,1,0,5.5,3
2025,4,L.David,TB,1,0,1,0,1,0,5.5,3
2025,13,D.Williams,BUF,2,0,1,0,0,0,5.5,3
2025,4,P.Wilson,PIT,0,0,1,0,2,0,5.5,3
2025,16,J.Gibbens,NE,1,0,1,0,1,0,5.5,3
2025,7,D.Thomas,SEA,0,0,1,0,2,0,5.5,3
2025,16,T.Dodson,MIA,2,0,1,0,0,0,5.5,3
2025,14,N.Bolton,KC,0,0,1,0,2,0,5.5,3
2025,3,Q.Walker,GB,2,0,1,0,0,0,5.5,3
2026,1,B.Carter,CIN,1,0,1,0,1,0,5.5,3
2025,2,Ma.Wilson,ARI,2,0,1,0,0,0,5.5,3
2026,1,J.Brooks,MIA,2,0,1,0,0,0,5.5,3
2026,2,K.Elliss,NO,0,0,2,0,1,0,5.0,3
2025,11,T.Simpson,BAL,1,0,2,0,0,0,5.0,3
2025,2,E.Cooper,GB,1,0,2,0,0,0,5.0,3
2025,4,D.Bush,CLE,1,1,0,0,0,0,4.5,2
2026,1,K.Elliss,NO,0,0,3,0,0,0,4.5,3
2025,2,R.Spillane,NE,1,0,0,1,0,0,4.5,2
2025,10,J.Bertrand,ATL,0,1,0,0,1,0,4.5,2
2025,2,D.Barnes,DET,1,1,0,0,0,0,4.5,2
2025,11,I.McDuffie,GB,1,1,0,0,0,0,4.5,2
2025,17,Z.Baun,PHI,0,1,0,0,1,0,4.5,2
2025,12,D.Thomas,SEA,0,1,0,0,1,0,4.5,2
2025,4,N.Sewell,CHI,0,1,0,0,1,0,4.5,2
2025,15,A.Al-Shaair,HOU,1,1,0,0,0,0,4.5,2
2025,6,T.Simpson,BAL,1,1,0,0,0,0,4.5,2
2025,13,Z.Franklin,IND,1,1,0,0,0,0,4.5,2
2025,5,A.Singleton,DEN,0,0,0,1,1,0,4.5,2
2025,17,C.Rozeboom,CAR,0,1,0,0,1,0,4.5,2
2025,5,N.Bolton,KC,0,1,0,0,1,0,4.5,2
2026,2,D.Phillips,LAC,1,1,0,0,0,0,4.5,2
2025,15,T.Eichenberg,LV,0,1,0,0,1,0,4.5,2
2025,1,N.Bolton,KC,2,0,0,0,0,0,4.0,2
2025,1,L.David,TB,1,0,0,0,1,0,4.0,2
2025,9,T.Bethune,SF,2,0,0,0,0,0,4.0,2
2026,2,D.Williams,BUF,1,0,0,0,1,0,4.0,2
2026,2,D.Thomas,SEA,1,0,0,0,1,0,4.0,2
2025,1,Q.Walker,GB,0,0,0,0,2,0,4.0,2
2025,1,P.Werner,NO,0,0,1,1,0,0,4.0,2
2026,2,D.Winters,DAL,1,0,0,0,1,0,4.0,2
2025,5,N.Landman,LA,1,0,0,0,1,0,4.0,2
2025,15,B.Wagner,WAS,2,0,0,0,0,0,4.0,2
2025,15,D.Davis,NO,2,0,0,0,0,0,4.0,2
2025,15,D.Jones,TB,2,0,0,0,0,0,4.0,2
2025,6,S.Dennis,TB,1,0,0,0,1,0,4.0,2
2025,6,J.Campbell,DET,0,0,1,1,0,0,4.0,2
2025,6,C.Gray,TEN,2,0,0,0,0,0,4.0,2
2025,6,B.Wagner,WAS,1,0,0,0,1,0,4.0,2
2025,15,Q.Walker,GB,1,0,0,0,1,0,4.0,2
2025,6,A.Singleton,DEN,1,0,0,0,1,0,4.0,2
2025,6,D.Bush,CLE,0,0,0,0,2,0,4.0,2
2025,5,T.Buchanan,BAL,1,0,0,0,1,0,4.0,2
2025,6,D.Muasau,NYG,0,0,1,1,0,0,4.0,2
2025,6,D.Henley,LAC,2,0,0,0,0,0,4.0,2
2025,16,B.Carter,CIN,2,0,0,0,0,0,4.0,2
2025,15,Z.Franklin,IND,1,0,0,0,1,0,4.0,2
2025,1,D.Winters,SF,0,0,0,0,2,0,4.0,2
2025,15,N.Landman,LA,1,0,0,0,1,0,4.0,2
2026,3,E.Cooper,GB,1,0,0,0,1,0,4.0,2
2025,1,D.Deablo,ATL,1,0,0,0,1,0,4.0,2
2025,6,E.Cooper,GB,1,0,0,0,1,0,4.0,2
2025,15,E.Jones,SEA,2,0,0,0,0,0,4.0,2
2025,15,K.Elliss,ATL,1,0,0,0,1,0,4.0,2
2025,15,N.Dean,PHI,0,0,0,0,2,0,4.0,2
2025,1,F.Oluokun,JAX,2,0,0,0,0,0,4.0,2
2025,1,E.Cooper,GB,2,0,0,0,0,0,4.0,2
2025,1,F.Warner,SF,1,0,0,0,1,0,4.0,2
2026,2,D.Greenlaw,SF,2,0,0,0,0,0,4.0,2
2026,2,N.Bolton,KC,1,0,0,0,1,0,4.0,2
2026,2,K.Daniels,ATL,1,0,0,0,1,0,4.0,2
2026,2,J.Trotter,TB,2,0,0,0,0,0,4.0,2
2025,1,J.Campbell,DET,2,0,0,0,0,0,4.0,2
2025,4,S.Dennis,TB,1,0,0,0,1,0,4.0,2
2025,4,Z.Franklin,IND,0,1,1,0,0,0,4.0,2
2025,17,D.Winters,SF,1,0,0,0,1,0,4.0,2
2025,17,D.Henley,LAC,2,0,0,0,0,0,4.0,2
2025,17,E.Jones,SEA,2,0,0,0,0,0,4.0,2
2025,17,F.Luvu,WAS,2,0,0,0,0,0,4.0,2
2025,7,E.Speed,HOU,1,0,0,0,1,0,4.0,2
2025,7,C.Gray,TEN,1,0,0,0,1,0,4.0,2
2025,4,J.Gibbens,NE,1,0,0,0,1,0,4.0,2
2025,4,F.Warner,SF,2,0,0,0,0,0,4.0,2
2025,17,J.Brooks,MIA,1,0,0,0,1,0,4.0,2
2025,13,D.Henley,LAC,1,0,0,0,1,0,4.0,2
2025,17,P.Wilson,PIT,2,0,0,0,0,0,4.0,2
2025,17,S.Dennis,TB,1,0,0,0,1,0,4.0,2
2025,17,M.Harrison,PIT,1,0,0,0,1,0,4.0,2
2025,17,B.Okereke,NYG,1,0,0,0,1,0,4.0,2
2025,12,J.Campbell,DET,1,0,0,0,1,0,4.0,2
2025,12,J.Sherwood,NYJ,2,0,0,0,0,0,4.0,2
2025,17,B.Carter,CIN,0,1,1,0,0,0,4.0,2
2025,14,E.Jones,SEA,2,0,0,0,0,0,4.0,2
2025,7,B.Wagner,WAS,2,0,0,0,0,0,4.0,2
2025,6,S.Thompson,BUF,1,0,0,0,1,0,4.0,2
2025,13,R.Smith,BAL,2,0,0,0,0,0,4.0,2
2025,13,P.Wilson,PIT,2,0,0,0,0,0,4.0,2
2025,5,D.Muasau,NYG,1,0,0,0,1,0,4.0,2
2025,16,Z.Baun,PHI,2,0,0,0,0,0,4.0,2
2025,14,M.Walker,NYJ,1,0,0,0,1,0,4.0,2
2025,5,F.Oluokun,JAX,2,0,0,0,0,0,4.0,2
2025,5,F.Warner,SF,2,0,0,0,0,0,4.0,2
2025,5,J.Campbell,DET,1,0,0,0,1,0,4.0,2
2025,5,L.David,TB,1,0,0,0,1,0,4.0,2
2025,5,J.Campbell,PHI,1,0,0,0,1,0,4.0,2
2025,3,Z.Cunningham,DET,1,0,0,0,1,0,4.0,2
2025,4,A.Anzalone,DET,0,0,1,1,0,0,4.0,2
2025,18,C.McDonald,KC,1,0,0,0,1,0,4.0,2
2025,4,D.Lloyd,JAX,1,0,0,0,1,0,4.0,2
2025,18,C.Rozeboom,CAR,2,0,0,0,0,0,4.0,2
2025,18,D.Davis,NO,2,0,0,0,0,0,4.0,2
2025,8,C.Rozeboom,CAR,0,0,0,0,2,0,4.0,2
2025,8,C.Barton,TEN,1,0,0,0,1,0,4.0,2
2025,12,E.Roberts,LV,1,0,0,0,1,0,4.0,2
2025,12,F.Oluokun,JAX,1,0,0,0,1,0,4.0,2
2025,8,D.Davis,NO,2,0,0,0,0,0,4.0,2
2025,12,D.Knight,CIN,1,0,0,0,1,0,4.0,2
2025,13,D.Deablo,ATL,0,0,0,0,2,0,4.0,2
2025,12,K.Elliss,ATL,1,0,0,0,1,0,4.0,2
2025,3,Ma.Wilson,ARI,1,0,0,0,1,0,4.0,2
2025,3,N.Bolton,KC,0,0,0,0,2,0,4.0,2
2025,3,F.Warner,SF,2,0,0,0,0,0,4.0,2
2025,20,N.Landman,LA,1,0,0,0,1,0,4.0,2
2025,20,S.Thompson,BUF,0,0,0,0,2,0,4.0,2
2025,21,A.Singleton,DEN,2,0,0,0,0,0,4.0,2
2026,1,D.Williams,BUF,1,0,0,0,1,0,4.0,2
2025,19,Q.Walker,GB,1,0,0,0,1,0,4.0,2
2025,19,E.Kendricks,SF,0,0,0,0,2,0,4.0,2
2025,19,G.Wallow,SF,2,0,0,0,0,0,4.0,2
2025,11,D.Winters,SF,1,0,0,0,1,0,4.0,2
2025,21,J.Strnad,DEN,2,0,0,0,0,0,4.0,2
2025,8,K.Elliss,ATL,0,0,0,0,2,0,4.0,2
2025,11,T.Bernard,BUF,0,0,0,0,2,0,4.0,2
2025,18,J.Tavai,NE,1,0,0,0,1,0,4.0,2
2025,3,R.Spillane,NE,1,0,0,0,1,0,4.0,2
2025,18,M.Wax,LAC,1,0,0,0,1,0,4.0,2
2025,18,B.Carter,CIN,2,0,0,0,0,0,4.0,2
2025,2,N.Landman,LA,2,0,0,0,0,0,4.0,2
2025,11,C.Gray,TEN,1,0,0,0,1,0,4.0,2
2025,9,B.Wagner,WAS,1,0,0,0,1,0,4.0,2
2025,8,T.Bethune,SF,2,0,0,0,0,0,4.0,2
2025,11,D.Lloyd,JAX,1,0,0,0,1,0,4.0,2
2025,3,D.Davis,NO,1,0,0,0,1,0,4.0,2
2026,1,R.Spillane,NE,2,0,0,0,0,0,4.0,2
2026,1,T.Simpson,BAL,0,0,0,0,2,0,4.0,2
2025,10,T.Bethune,SF,1,0,0,0,1,0,4.0,2
2025,10,T.Bernard,BUF,1,0,0,0,1,0,4.0,2
2025,10,Q.Walker,GB,0,0,0,0,2,0,4.0,2
2025,10,N.Sewell,CHI,1,0,0,0,1,0,4.0,2
2026,1,Q.Walker,LV,2,0,0,0,0,0,4.0,2
2026,1,P.Werner,NO,1,0,0,0,1,0,4.0,2
2025,2,E.Jones,SEA,2,0,0,0,0,0,4.0,2
2025,8,Q.Walker,GB,2,0,0,0,0,0,4.0,2
2026,2,C.Gray,TEN,1,0,0,0,1,0,4.0,2
2026,2,C.Schwesinger,CLE,1,0,0,0,1,0,4.0,2
2026,2,D.Bush,CHI,1,0,0,0,1,0,4.0,2
2025,10,N.Landman,LA,0,0,0,0,2,0,4.0,2
2026,2,A.Al-Shaair,HOU,2,0,0,0,0,0,4.0,2
2025,2,C.Rozeboom,CAR,2,0,0,0,0,0,4.0,2
2026,2,B.Carter,CIN,1,0,0,0,1,0,4.0,2
2026,2,B.Cashman,MIN,0,0,1,1,0,0,4.0,2
2025,1,T.Dodson,MIA,1,0,0,0,1,0,4.0,2
2025,1,Z.Baun,PHI,1,0,0,0,1,0,4.0,2
2025,9,N.Bolton,KC,1,0,0,0,1,0,4.0,2
2025,10,M.Harrison,PIT,1,0,0,0,1,0,4.0,2
2025,10,E.Wilson,MIN,1,0,0,0,1,0,4.0,2
2025,10,E.Cooper,GB,2,0,0,0,0,0,4.0,2
2025,10,D.Greenlaw,DEN,1,0,0,0,1,0,4.0,2
2025,1,D.Barnes,DET,1,0,0,0,1,0,4.0,2
2026,3,D.Deablo,ATL,1,0,1,0,0,0,3.5,2
2025,1,N.Landman,LA,1,0,1,0,0,0,3.5,2
2026,2,J.Rodriguez,MIA,1,0,1,0,0,0,3.5,2
2025,22,C.Elliss,NE,1,0,1,0,0,0,3.5,2
2025,10,B.Wagner,WAS,1,0,1,0,0,0,3.5,2
2026,2,N.Dean,LV,1,0,1,0,0,0,3.5,2
2025,3,D.Winters,SF,1,0,1,0,0,0,3.5,2
2025,18,S.James,DAL,1,0,1,0,0,0,3.5,2
2025,19,C.Cherelus,CAR,1,0,1,0,0,0,3.5,2
2025,2,T.Bernard,BUF,1,0,1,0,0,0,3.5,2
2025,2,Z.Baun,PHI,1,0,1,0,0,0,3.5,2
2025,3,A.Singleton,DEN,1,0,1,0,0,0,3.5,2
2026,1,A.Reese,NYG,0,0,1,0,1,0,3.5,2
2025,18,J.Turner,DEN,1,0,1,0,0,0,3.5,2
2025,18,K.Barnes,CAR,0,0,1,0,1,0,3.5,2
2025,4,A.Al-Shaair,HOU,1,0,1,0,0,0,3.5,2
2025,4,A.Singleton,DEN,1,0,1,0,0,0,3.5,2
2025,18,E.Wilson,MIN,0,0,1,0,1,0,3.5,2
2025,4,E.Speed,HOU,1,0,1,0,0,0,3.5,2
2025,17,C.Simon,ARI,1,0,1,0,0,0,3.5,2
2025,9,K.Elliss,ATL,1,0,1,0,0,0,3.5,2
2025,9,Q.Walker,GB,1,0,1,0,0,0,3.5,2
2025,9,S.James,DAL,0,0,1,0,1,0,3.5,2
2025,5,B.Wagner,WAS,1,0,1,0,0,0,3.5,2
2025,5,J.Brooks,MIA,1,0,1,0,0,0,3.5,2
2025,5,K.Murray,DAL,1,0,1,0,0,0,3.5,2
2025,5,L.Chenal,KC,1,0,1,0,0,0,3.5,2
2025,6,N.Bolton,KC,0,0,1,0,1,0,3.5,2
2025,6,E.Jones,SEA,1,0,1,0,0,0,3.5,2
2025,14,S.Thompson,BUF,0,0,1,0,1,0,3.5,2
2025,15,C.Schwesinger,CLE,1,0,1,0,0,0,3.5,2
2025,2,P.Queen,PIT,0,0,1,0,1,0,3.5,2
2025,2,S.Dennis,TB,0,0,1,0,1,0,3.5,2
2025,14,D.Henley,LAC,1,0,1,0,0,0,3.5,2
2025,13,I.Stalbird,NO,1,0,1,0,0,0,3.5,2
2025,7,D.Knight,CIN,1,0,1,0,0,0,3.5,2
2025,11,E.Wilson,MIN,0,0,1,0,1,0,3.5,2
2025,9,C.Elliss,NE,1,0,1,0,0,0,3.5,2
2025,13,A.Singleton,DEN,1,0,1,0,0,0,3.5,2
2025,13,C.Schwesinger,CLE,0,0,1,0,1,0,3.5,2
2025,13,E.Cooper,GB,1,0,1,0,0,0,3.5,2
2025,12,Z.Franklin,IND,0,0,1,0,1,0,3.5,2
2025,7,T.Wallace,CAR,1,0,1,0,0,0,3.5,2
2026,1,R.Smith,BAL,1,0,1,0,0,0,3.5,2
2026,1,T.Dye,LAC,1,0,1,0,0,0,3.5,2
2025,2,B.Okereke,NYG,1,0,1,0,0,0,3.5,2
2025,8,J.Strnad,DEN,0,0,1,0,1,0,3.5,2
2025,12,A.Ajiake,IND,1,0,1,0,0,0,3.5,2
2025,12,A.Al-Shaair,HOU,1,0,1,0,0,0,3.5,2
2025,10,T.Edmunds,CHI,0,0,1,0,1,0,3.5,2
2025,1,P.Queen,PIT,1,0,1,0,0,0,3.5,2
2025,10,D.Flannigan-Fowles,NYG,0,0,1,0,1,0,3.5,2
2025,1,C.Schwesinger,CLE,0,0,1,0,1,0,3.5,2
2025,7,Z.Franklin,IND,0,0,2,0,0,0,3.0,2
2025,14,D.Lloyd,JAX,0,0,2,0,0,0,3.0,2
2025,17,B.Wagner,WAS,0,0,2,0,0,0,3.0,2
2025,7,A.Anzalone,DET,0,1,0,0,0,0,2.5,1
2025,13,D.Winters,SF,0,1,0,0,0,0,2.5,1
2026,1,Ma.Wilson,ARI,0,1,0,0,0,0,2.5,1
2025,7,M.Mapu,NE,0,1,0,0,0,0,2.5,1
2025,7,M.Walker,NYJ,0,1,0,0,0,0,2.5,1
2025,7,I.McDuffie,GB,0,1,0,0,0,0,2.5,1
2025,12,A.Ogbongbemiga,CHI,0,1,0,0,0,0,2.5,1
2025,3,L.Chenal,KC,0,1,0,0,0,0,2.5,1
2025,9,D.Perryman,LAC,0,1,0,0,0,0,2.5,1
2025,13,C.Robinson,SF,0,1,0,0,0,0,2.5,1
2025,17,R.Smith,BAL,0,1,0,0,0,0,2.5,1
2025,3,T.Dye,LAC,0,0,0,1,0,0,2.5,1
2025,18,J.Brooks,MIA,0,1,0,0,0,0,2.5,1
2025,18,R.Smith,BAL,0,1,0,0,0,0,2.5,1
2025,19,S.Thompson,BUF,0,1,0,0,0,0,2.5,1
2025,1,N.Sewell,CHI,1,0,0,0,0,0,2.0,1
2025,10,D.Davis,NO,1,0,0,0,0,0,2.0,1
2026,3,Z.Franklin,GB,0,0,0,0,1,0,2.0,1
2025,20,E.Speed,HOU,0,0,0,0,1,0,2.0,1
2025,20,R.Spillane,NE,1,0,0,0,0,0,2.0,1
2025,21,J.Gibbens,NE,1,0,0,0,0,0,2.0,1
2025,21,N.Landman,LA,0,0,0,0,1,0,2.0,1
2025,21,O.Speights,LA,0,0,0,0,1,0,2.0,1
2025,22,E.Jones,SEA,0,0,0,0,1,0,2.0,1
2025,19,E.Cooper,GB,1,0,0,0,0,0,2.0,1
2025,10,A.Davis-Gaither,ARI,0,0,0,0,1,0,2.0,1
2025,10,A.Singleton,DEN,1,0,0,0,0,0,2.0,1
2025,10,B.Cashman,MIN,1,0,0,0,0,0,2.0,1
2025,10,C.Rozeboom,CAR,1,0,0,0,0,0,2.0,1
2025,10,C.Simon,ARI,1,0,0,0,0,0,2.0,1
2026,3,K.Daniels,ATL,0,0,0,0,1,0,2.0,1
2026,2,J.Carlies,IND,1,0,0,0,0,0,2.0,1
2025,10,T.Simpson,BAL,1,0,0,0,0,0,2.0,1
2025,11,A.Anzalone,DET,0,0,0,0,1,0,2.0,1
2025,11,A.Davis-Gaither,ARI,1,0,0,0,0,0,2.0,1
2025,11,B.Cashman,MIN,1,0,0,0,0,0,2.0,1
2025,11,B.Wagner,WAS,1,0,0,0,0,0,2.0,1
2025,11,C.Rozeboom,CAR,0,0,0,0,1,0,2.0,1
2025,11,C.Simon,ARI,1,0,0,0,0,0,2.0,1
2025,11,D.Overshown,DAL,0,0,0,0,1,0,2.0,1
2025,11,D.Perryman,LAC,0,0,0,0,1,0,2.0,1
2025,11,E.Cooper,GB,0,0,0,0,1,0,2.0,1
2025,11,E.Jones,SEA,1,0,0,0,0,0,2.0,1
2025,3,E.Jones,SEA,0,0,0,0,1,0,2.0,1
2025,3,E.Roberts,LV,0,0,0,0,1,0,2.0,1
2025,3,E.Speed,HOU,1,0,0,0,0,0,2.0,1
2025,3,I.McDuffie,GB,0,0,0,0,1,0,2.0,1
2025,3,J.Gibbens,NE,0,0,0,0,1,0,2.0,1
2025,8,J.Turner,DEN,1,0,0,0,0,0,2.0,1
2025,11,Z.Baun,PHI,0,0,0,0,1,0,2.0,1
2025,12,B.Carter,CIN,1,0,0,0,0,0,2.0,1
2025,12,B.Cashman,MIN,1,0,0,0,0,0,2.0,1
2025,12,B.Martin-Scott,CAR,0,0,0,0,1,0,2.0,1
2025,11,J.Gibbens,NE,0,0,0,0,1,0,2.0,1
2025,11,J.Sherwood,NYJ,1,0,0,0,0,0,2.0,1
2025,11,L.Chenal,KC,1,0,0,0,0,0,2.0,1
2025,11,N.Bolton,KC,1,0,0,0,0,0,2.0,1
2025,11,O.Burks,CIN,1,0,0,0,0,0,2.0,1
2025,11,P.Wilson,PIT,1,0,0,0,0,0,2.0,1
2025,11,S.Dennis,TB,1,0,0,0,0,0,2.0,1
2025,11,T.Dye,LAC,1,0,0,0,0,0,2.0,1
2025,8,E.Cooper,GB,1,0,0,0,0,0,2.0,1
2025,8,E.Wilson,MIN,0,0,0,0,1,0,2.0,1
2025,8,C.Robinson,SF,0,0,0,0,1,0,2.0,1
2025,2,J.Sanborn,DAL,1,0,0,0,0,0,2.0,1
2026,1,T.Bernard,BUF,0,0,0,0,1,0,2.0,1
2025,1,R.Smith,BAL,1,0,0,0,0,0,2.0,1
2025,1,R.Spillane,NE,1,0,0,0,0,0,2.0,1
2025,1,T.Bernard,BUF,0,0,0,0,1,0,2.0,1
2025,1,T.Edmunds,CHI,1,0,0,0,0,0,2.0,1
2025,1,T.Simpson,BAL,0,0,0,0,1,0,2.0,1
2025,2,A.Al-Shaair,HOU,1,0,0,0,0,0,2.0,1
2025,2,B.Wagner,WAS,1,0,0,0,0,0,2.0,1
2025,8,I.Stalbird,NO,1,0,0,0,0,0,2.0,1
2025,8,J.Bertrand,ATL,1,0,0,0,0,0,2.0,1
2025,8,J.Hummel,BAL,0,0,0,0,1,0,2.0,1
2025,8,J.Tavai,NE,0,0,0,0,1,0,2.0,1
2025,8,J.Trotter,PHI,1,0,0,0,0,0,2.0,1
2025,12,Z.Barnes,NYG,0,0,0,0,1,0,2.0,1
2025,12,Z.Baun,PHI,1,0,0,0,0,0,2.0,1
2025,13,A.Anzalone,DET,0,0,0,0,1,0,2.0,1
2025,12,B.Okereke,NYG,1,0,0,0,0,0,2.0,1
2025,12,C.Robinson,SF,1,0,0,0,0,0,2.0,1
2025,12,C.Simon,ARI,0,0,0,0,1,0,2.0,1
2025,12,D.Barnes,DET,1,0,0,0,0,0,2.0,1
2025,12,D.Davis,NO,1,0,0,0,0,0,2.0,1
2025,12,D.Deablo,ATL,0,0,0,0,1,0,2.0,1
2025,7,T.Hopper,GB,0,0,0,0,1,0,2.0,1
2025,7,Z.Baun,PHI,1,0,0,0,0,0,2.0,1
2025,8,B.Cashman,MIN,0,0,0,0,1,0,2.0,1
2025,8,B.Johnson,IND,0,0,0,0,1,0,2.0,1
2025,8,B.Wagner,WAS,1,0,0,0,0,0,2.0,1
2025,8,C.Gray,TEN,0,0,0,0,1,0,2.0,1
2025,7,N.Dean,PHI,0,0,0,0,1,0,2.0,1
2025,7,T.Bethune,SF,0,0,0,0,1,0,2.0,1
2025,13,D.Perryman,LAC,0,0,0,0,1,0,2.0,1
2025,12,K.Barnes,CAR,1,0,0,0,0,0,2.0,1
2025,12,L.David,TB,0,0,0,0,1,0,2.0,1
2025,12,L.Wilson,DAL,1,0,0,0,0,0,2.0,1
2025,12,N.Landman,LA,0,0,0,0,1,0,2.0,1
2025,12,P.Werner,NO,0,0,0,0,1,0,2.0,1
2025,12,P.Wilson,PIT,1,0,0,0,0,0,2.0,1
2025,12,R.Smith,BAL,1,0,0,0,0,0,2.0,1
2025,12,S.Dolac,LA,0,0,0,0,1,0,2.0,1
2025,12,T.Bernard,BUF,0,0,0,0,1,0,2.0,1
2025,12,T.Reeder,LA,1,0,0,0,0,0,2.0,1
2025,9,D.Winters,SF,1,0,0,0,0,0,2.0,1
2025,9,E.Cooper,GB,1,0,0,0,0,0,2.0,1
2025,9,E.Jones,SEA,1,0,0,0,0,0,2.0,1
2025,8,P.Wilson,PIT,1,0,0,0,0,0,2.0,1
2025,9,A.Al-Shaair,HOU,0,0,0,0,1,0,2.0,1
2025,9,A.Singleton,DEN,0,0,0,0,1,0,2.0,1
2025,9,B.Carter,CIN,1,0,0,0,0,0,2.0,1
2025,13,L.David,TB,1,0,0,0,0,0,2.0,1
2025,13,M.Harrison,PIT,1,0,0,0,0,0,2.0,1
2025,13,M.McCrary-Ball,NYJ,0,0,0,0,1,0,2.0,1
2025,13,B.Cashman,MIN,1,0,0,0,0,0,2.0,1
2025,13,C.Barton,TEN,0,0,0,0,1,0,2.0,1
2025,7,J.Bertrand,ATL,1,0,0,0,0,0,2.0,1
2025,7,L.David,TB,0,0,0,0,1,0,2.0,1
2025,14,D.Deablo,ATL,0,0,0,0,1,0,2.0,1
2025,14,D.Greenlaw,DEN,0,0,0,0,1,0,2.0,1
2025,13,F.Oluokun,JAX,1,0,0,0,0,0,2.0,1
2025,13,J.Brooks,MIA,0,0,0,0,1,0,2.0,1
2025,7,C.Schwesinger,CLE,0,0,0,0,1,0,2.0,1
2025,7,D.Stutsman,NO,1,0,0,0,0,0,2.0,1
2025,7,D.Winters,SF,0,0,0,0,1,0,2.0,1
2025,7,E.Cooper,GB,1,0,0,0,0,0,2.0,1
2025,11,E.Roberts,LV,1,0,0,0,0,0,2.0,1
2025,11,F.Oluokun,JAX,1,0,0,0,0,0,2.0,1
2025,9,C.Rozeboom,CAR,0,0,0,0,1,0,2.0,1
2025,9,C.Simon,ARI,1,0,0,0,0,0,2.0,1
2025,9,D.Davis,NO,1,0,0,0,0,0,2.0,1
2025,9,D.Knight,CIN,1,0,0,0,0,0,2.0,1
2025,2,N.Sewell,CHI,0,0,0,0,1,0,2.0,1
2025,2,P.Werner,NO,0,0,0,0,1,0,2.0,1
2025,2,D.Davis,NO,1,0,0,0,0,0,2.0,1
2025,2,D.Deablo,ATL,1,0,0,0,0,0,2.0,1
2025,2,E.Wilson,MIN,1,0,0,0,0,0,2.0,1
2025,2,F.Warner,SF,0,0,0,0,1,0,2.0,1
2025,2,I.Pace,MIN,0,0,0,0,1,0,2.0,1
2025,13,N.Landman,LA,1,0,0,0,0,0,2.0,1
2025,13,O.Speights,LA,1,0,0,0,0,0,2.0,1
2025,13,T.Dodson,MIA,1,0,0,0,0,0,2.0,1
2025,13,T.Wallace,CAR,0,0,0,0,1,0,2.0,1
2025,14,A.Al-Shaair,HOU,1,0,0,0,0,0,2.0,1
2025,14,A.Anzalone,DET,1,0,0,0,0,0,2.0,1
2025,14,B.Carter,CIN,1,0,0,0,0,0,2.0,1
2025,14,C.Holcomb,PIT,1,0,0,0,0,0,2.0,1
2025,14,D.Barnes,DET,0,0,0,0,1,0,2.0,1
2025,14,E.Cooper,GB,1,0,0,0,0,0,2.0,1
2025,14,J.Brooks,MIA,0,0,0,0,1,0,2.0,1
2025,6,T.Dye,LAC,0,0,0,0,1,0,2.0,1
2025,6,T.Edmunds,CHI,1,0,0,0,0,0,2.0,1
2025,6,T.Nowaske,DET,1,0,0,0,0,0,2.0,1
2025,6,T.Reeder,LA,1,0,0,0,0,0,2.0,1
2025,6,T.Wallace,CAR,0,0,0,0,1,0,2.0,1
2025,6,V.Miller,JAX,1,0,0,0,0,0,2.0,1
2025,6,Z.Baun,PHI,1,0,0,0,0,0,2.0,1
2025,7,A.Al-Shaair,HOU,1,0,0,0,0,0,2.0,1
2025,7,A.Singleton,DEN,1,0,0,0,0,0,2.0,1
2025,2,L.Chenal,KC,0,0,0,0,1,0,2.0,1
2025,2,L.David,TB,1,0,0,0,0,0,2.0,1
2025,2,L.Wilson,CIN,1,0,0,0,0,0,2.0,1
2025,2,N.Bolton,KC,1,0,0,0,0,0,2.0,1
2025,6,D.Davis,NO,0,0,0,0,1,0,2.0,1
2025,14,L.David,TB,1,0,0,0,0,0,2.0,1
2025,14,P.Queen,PIT,1,0,0,0,0,0,2.0,1
2025,14,P.Wilson,PIT,1,0,0,0,0,0,2.0,1
2025,14,Q.Walker,GB,1,0,0,0,0,0,2.0,1
2025,14,T.Buchanan,BAL,0,0,0,0,1,0,2.0,1
2025,15,A.Singleton,DEN,1,0,0,0,0,0,2.0,1
2025,15,B.Cashman,MIN,1,0,0,0,0,0,2.0,1
2025,15,B.Okereke,NYG,1,0,0,0,0,0,2.0,1
2025,15,C.Gray,TEN,1,0,0,0,0,0,2.0,1
2025,15,D.Deablo,ATL,1,0,0,0,0,0,2.0,1
2025,15,D.Overshown,DAL,1,0,0,0,0,0,2.0,1
2025,15,D.Perryman,LAC,0,0,0,0,1,0,2.0,1
2025,15,D.Winters,SF,0,0,0,0,1,0,2.0,1
2025,14,D.Overshown,DAL,1,0,0,0,0,0,2.0,1
2025,14,D.Perryman,LAC,0,0,0,0,1,0,2.0,1
2025,5,T.Bernard,BUF,0,0,0,0,1,0,2.0,1
2025,5,T.Knight,SEA,0,0,0,0,1,0,2.0,1
2025,6,A.Davis-Gaither,ARI,1,0,0,0,0,0,2.0,1
2025,6,B.Carter,CIN,1,0,0,0,0,0,2.0,1
2025,15,S.Thompson,BUF,0,0,0,0,1,0,2.0,1
2025,16,A.Davis-Gaither,ARI,1,0,0,0,0,0,2.0,1
2025,16,B.Okereke,NYG,1,0,0,0,0,0,2.0,1
2025,6,J.Brooks,MIA,1,0,0,0,0,0,2.0,1
2025,6,K.Britt,MIA,1,0,0,0,0,0,2.0,1
2025,6,Ma.Wilson,ARI,0,0,0,0,1,0,2.0,1
2025,6,P.Wilson,PIT,0,0,0,0,1,0,2.0,1
2025,6,Q.Walker,GB,1,0,0,0,0,0,2.0,1
2025,6,S.Dolac,LA,0,0,0,0,1,0,2.0,1
2025,6,S.James,DAL,1,0,0,0,0,0,2.0,1
2025,6,C.Barton,TEN,1,0,0,0,0,0,2.0,1
2025,6,C.Rozeboom,CAR,1,0,0,0,0,0,2.0,1
2025,16,D.Davis,NO,0,0,0,0,1,0,2.0,1
2025,5,F.Luvu,WAS,1,0,0,0,0,0,2.0,1
2025,5,J.Magee,WAS,0,0,0,0,1,0,2.0,1
2025,5,L.Wilson,CIN,1,0,0,0,0,0,2.0,1
2025,5,O.Speights,LA,1,0,0,0,0,0,2.0,1
2025,16,E.Kendricks,SF,1,0,0,0,0,0,2.0,1
2025,16,F.Oluokun,JAX,1,0,0,0,0,0,2.0,1
2025,16,J.Brooks,MIA,1,0,0,0,0,0,2.0,1
2025,16,J.Campbell,PHI,0,0,0,0,1,0,2.0,1
2025,16,J.Giles-Harris,CIN,1,0,0,0,0,0,2.0,1
2025,16,J.Magee,WAS,0,0,0,0,1,0,2.0,1
2025,15,J.Campbell,DET,1,0,0,0,0,0,2.0,1
2025,15,J.Sherwood,NYJ,1,0,0,0,0,0,2.0,1
2025,15,J.Williams,TEN,0,0,0,0,1,0,2.0,1
2025,15,L.Chenal,KC,1,0,0,0,0,0,2.0,1
2025,15,P.Werner,NO,1,0,0,0,0,0,2.0,1
2026,1,J.Gibbens,ARI,1,0,0,0,0,0,2.0,1
2026,1,J.Rodriguez,MIA,1,0,0,0,0,0,2.0,1
2026,1,J.Sherwood,NYJ,1,0,0,0,0,0,2.0,1
2025,16,J.Turner,DEN,1,0,0,0,0,0,2.0,1
2025,5,A.Anzalone,DET,0,0,0,0,1,0,2.0,1
2025,5,C.Gray,TEN,0,0,0,0,1,0,2.0,1
2025,5,C.Rozeboom,CAR,0,0,0,0,1,0,2.0,1
2025,5,C.Schwesinger,CLE,1,0,0,0,0,0,2.0,1
2025,5,D.Davis,NO,1,0,0,0,0,0,2.0,1
2025,5,D.Knight,CIN,0,0,0,0,1,0,2.0,1
2025,5,D.Thomas,SEA,0,0,0,0,1,0,2.0,1
2025,5,D.Winters,SF,1,0,0,0,0,0,2.0,1
2025,5,E.Wilson,MIN,1,0,0,0,0,0,2.0,1
2025,16,Q.Walker,GB,0,0,0,0,1,0,2.0,1
2025,16,T.Edmunds,CHI,1,0,0,0,0,0,2.0,1
2025,16,D.Barnes,DET,1,0,0,0,0,0,2.0,1
2025,10,O.Speights,LA,1,0,0,0,0,0,2.0,1
2025,10,P.Queen,PIT,1,0,0,0,0,0,2.0,1
2025,10,P.Werner,NO,0,0,0,0,1,0,2.0,1
2025,10,P.Wilson,PIT,1,0,0,0,0,0,2.0,1
2025,10,R.Spillane,NE,0,0,0,0,1,0,2.0,1
2025,10,T.Dodson,MIA,1,0,0,0,0,0,2.0,1
2026,1,B.Okereke,CAR,0,0,0,0,1,0,2.0,1
2026,1,D.Deablo,ATL,0,0,0,0,1,0,2.0,1
2026,1,D.Henley,LAC,1,0,0,0,0,0,2.0,1
2026,1,D.Lloyd,CAR,1,0,0,0,0,0,2.0,1
2026,1,D.Winters,DAL,0,0,0,0,1,0,2.0,1
2026,1,F.Oluokun,JAX,1,0,0,0,0,0,2.0,1
2026,1,G.Wallow,SF,1,0,0,0,0,0,2.0,1
2026,1,I.Pace,MIN,0,0,0,0,1,0,2.0,1
2026,1,J.Barham,DAL,0,0,0,0,1,0,2.0,1
2026,1,J.Campbell,DET,0,0,0,0,1,0,2.0,1
2025,17,C.Barton,TEN,1,0,0,0,0,0,2.0,1
2025,17,C.Gray,TEN,0,0,0,0,1,0,2.0,1
2025,17,C.Muma,NE,1,0,0,0,0,0,2.0,1
2025,4,N.Landman,LA,1,0,0,0,0,0,2.0,1
2025,4,O.Speights,LA,1,0,0,0,0,0,2.0,1
2025,4,T.Buchanan,BAL,1,0,0,0,0,0,2.0,1
2025,4,T.Knight,SEA,0,0,0,0,1,0,2.0,1
2025,17,D.Bush,CLE,0,0,0,0,1,0,2.0,1
2025,17,D.Davis,NO,1,0,0,0,0,0,2.0,1
2025,9,B.Okereke,NYG,0,0,0,0,1,0,2.0,1
2025,9,G.Stuard,DET,0,0,0,0,1,0,2.0,1
2025,9,Ma.Wilson,ARI,1,0,0,0,0,0,2.0,1
2025,9,O.Burks,CIN,1,0,0,0,0,0,2.0,1
2025,9,O.Speights,LA,1,0,0,0,0,0,2.0,1
2025,9,P.Wilson,PIT,1,0,0,0,0,0,2.0,1
2025,9,R.Spillane,NE,1,0,0,0,0,0,2.0,1
2025,18,A.Singleton,DEN,1,0,0,0,0,0,2.0,1
2025,17,D.Muasau,NYG,1,0,0,0,0,0,2.0,1
2025,17,D.Thomas,SEA,1,0,0,0,0,0,2.0,1
2025,17,D.Williams,BUF,1,0,0,0,0,0,2.0,1
2025,17,E.Wilson,MIN,1,0,0,0,0,0,2.0,1
2025,17,F.Oluokun,JAX,1,0,0,0,0,0,2.0,1
2025,4,D.Muasau,NYG,0,0,0,0,1,0,2.0,1
2025,4,D.Winters,SF,0,0,0,0,1,0,2.0,1
2025,4,E.Jones,SEA,1,0,0,0,0,0,2.0,1
2025,4,G.Stuard,DET,1,0,0,0,0,0,2.0,1
2025,4,J.Brooks,MIA,1,0,0,0,0,0,2.0,1
2025,4,J.Sherwood,NYJ,1,0,0,0,0,0,2.0,1
2025,17,J.Campbell,DET,1,0,0,0,0,0,2.0,1
2025,17,J.Campbell,PHI,1,0,0,0,0,0,2.0,1
2025,17,J.Giles-Harris,CIN,1,0,0,0,0,0,2.0,1
2025,1,E.Jones,SEA,0,0,0,0,1,0,2.0,1
2025,18,D.Lloyd,JAX,0,0,0,0,1,0,2.0,1
2025,18,D.Williams,BUF,0,0,0,0,1,0,2.0,1
2025,18,E.Jones,SEA,1,0,0,0,0,0,2.0,1
2025,17,J.Higgins,BAL,1,0,0,0,0,0,2.0,1
2025,17,J.Magee,WAS,0,0,0,0,1,0,2.0,1
2025,17,K.Murray,DAL,1,0,0,0,0,0,2.0,1
2025,17,L.David,TB,1,0,0,0,0,0,2.0,1
2025,17,M.Mapu,NE,1,0,0,0,0,0,2.0,1
2025,17,N.Bolton,KC,1,0,0,0,0,0,2.0,1
2025,17,P.Queen,PIT,0,0,0,0,1,0,2.0,1
2026,2,J.Strnad,DEN,0,0,0,0,1,0,2.0,1
2025,17,S.Thompson,BUF,0,0,0,0,1,0,2.0,1
2025,17,T.Bernard,BUF,1,0,0,0,0,0,2.0,1
2025,17,T.Bethune,SF,0,0,0,0,1,0,2.0,1
2025,17,T.Simpson,BAL,1,0,0,0,0,0,2.0,1
2025,17,Z.Franklin,IND,1,0,0,0,0,0,2.0,1
2025,3,P.Wilson,PIT,1,0,0,0,0,0,2.0,1
2025,3,S.Thompson,BUF,0,0,0,0,1,0,2.0,1
2025,3,T.Bernard,BUF,0,0,0,0,1,0,2.0,1
2025,3,T.Buchanan,BAL,1,0,0,0,0,0,2.0,1
2026,2,J.Hansen,HOU,1,0,0,0,0,0,2.0,1
2025,18,J.Johnson,GB,1,0,0,0,0,0,2.0,1
2025,18,J.Williams,TEN,0,0,0,0,1,0,2.0,1
2025,18,B.Okereke,NYG,1,0,0,0,0,0,2.0,1
2025,18,B.Wagner,WAS,1,0,0,0,0,0,2.0,1
2025,3,T.Wallace,CAR,0,0,0,0,1,0,2.0,1
2025,4,B.Wagner,WAS,0,0,0,0,1,0,2.0,1
2025,4,C.Schwesinger,CLE,1,0,0,0,0,0,2.0,1
2025,4,D.Davis,NO,0,0,0,0,1,0,2.0,1
2025,4,D.Deablo,ATL,1,0,0,0,0,0,2.0,1
2025,18,D.Bush,CLE,1,0,0,0,0,0,2.0,1
2025,18,D.Flannigan-Fowles,NYG,1,0,0,0,0,0,2.0,1
2025,22,J.Tavai,NE,1,0,0,0,0,0,2.0,1
2026,1,A.Davis-Gaither,IND,1,0,0,0,0,0,2.0,1
2025,2,T.Edmunds,CHI,0,0,0,0,1,0,2.0,1
2025,2,W.Gay,MIA,0,0,0,0,1,0,2.0,1
2025,3,A.Ajiake,IND,1,0,0,0,0,0,2.0,1
2025,3,A.Davis-Gaither,ARI,1,0,0,0,0,0,2.0,1
2025,3,C.Gray,TEN,1,0,0,0,0,0,2.0,1
2025,3,C.Holcomb,PIT,1,0,0,0,0,0,2.0,1
2025,3,D.Lloyd,JAX,0,0,0,0,1,0,2.0,1
2026,1,A.Singleton,DEN,1,0,0,0,0,0,2.0,1
2026,1,B.Boettcher,IND,1,0,0,0,0,0,2.0,1
2025,18,F.Oluokun,JAX,1,0,0,0,0,0,2.0,1
2025,1,J.Sanborn,DAL,0,0,0,0,1,0,2.0,1
2025,18,J.Campbell,DET,1,0,0,0,0,0,2.0,1
2025,3,N.Landman,LA,1,0,0,0,0,0,2.0,1
2025,3,O.Speights,LA,1,0,0,0,0,0,2.0,1
2025,20,C.Robinson,SF,1,0,0,0,0,0,2.0,1
2025,20,D.Thomas,SEA,0,0,0,0,1,0,2.0,1
2025,3,D.Thomas,SEA,1,0,0,0,0,0,2.0,1
2025,18,K.Elliss,ATL,1,0,0,0,0,0,2.0,1
2025,18,K.Jenkins,BUF,1,0,0,0,0,0,2.0,1
2025,18,L.David,TB,1,0,0,0,0,0,2.0,1
2025,18,L.Wilson,DAL,1,0,0,0,0,0,2.0,1
2025,18,P.Werner,NO,1,0,0,0,0,0,2.0,1
2025,18,P.Wilson,PIT,1,0,0,0,0,0,2.0,1
2025,3,K.Murray,DAL,1,0,0,0,0,0,2.0,1
2025,18,S.Dennis,TB,0,0,0,0,1,0,2.0,1
2025,18,T.Dye,LAC,0,0,0,0,1,0,2.0,1
2025,18,T.Eichenberg,LV,1,0,0,0,0,0,2.0,1
2025,18,T.Simpson,BAL,1,0,0,0,0,0,2.0,1
2025,18,W.Gay,MIA,1,0,0,0,0,0,2.0,1
2025,19,C.Rozeboom,CAR,1,0,0,0,0,0,2.0,1
2026,2,L.Chenal,WAS,1,0,0,0,0,0,2.0,1
2026,2,N.Landman,LA,0,0,0,0,1,0,2.0,1
2026,2,P.Wilson,PIT,0,0,0,0,1,0,2.0,1
2026,2,T.Bernard,BUF,0,0,0,0,1,0,2.0,1
2025,9,T.Dodson,MIA,0,0,0,0,1,0,2.0,1
2025,9,T.Dye,LAC,1,0,0,0,0,0,2.0,1
2025,9,T.Knight,SEA,0,0,0,0,1,0,2.0,1
2025,19,F.Oluokun,JAX,1,0,0,0,0,0,2.0,1
2025,19,J.Gibbens,NE,1,0,0,0,0,0,2.0,1
2025,19,J.Hill,HOU,0,0,0,0,1,0,2.0,1
2025,19,N.Landman,LA,1,0,0,0,0,0,2.0,1
2025,19,R.Spillane,NE,1,0,0,0,0,0,2.0,1
2025,1,E.Wilson,MIN,0,0,0,0,1,0,2.0,1
2025,19,T.Edmunds,CHI,1,0,0,0,0,0,2.0,1
2025,20,A.Al-Shaair,HOU,1,0,0,0,0,0,2.0,1
2025,20,C.Elliss,NE,0,0,0,0,1,0,2.0,1
2026,2,J.Campbell,PHI,1,0,0,0,0,0,2.0,1
2026,2,J.Cochrane,KC,0,0,0,0,1,0,2.0,1
2026,2,T.Dye,LAC,0,0,0,0,1,0,2.0,1
2026,2,T.Simpson,BAL,0,0,0,0,1,0,2.0,1
2025,1,C.Gray,TEN,1,0,0,0,0,0,2.0,1
2025,1,Ma.Wilson,ARI,0,0,0,0,1,0,2.0,1
2025,1,C.Barton,TEN,0,0,0,0,1,0,2.0,1
2026,3,I.McDuffie,GB,0,0,0,0,1,0,2.0,1
2025,3,J.Sherwood,NYJ,1,0,0,0,0,0,2.0,1
2025,3,E.Cooper,GB,1,0,0,0,0,0,2.0,1
2026,2,C.Harris,ATL,1,0,0,0,0,0,2.0,1
2026,2,D.Davis,NYJ,0,0,0,0,1,0,2.0,1
2025,1,J.Sherwood,NYJ,0,0,0,0,1,0,2.0,1
2025,1,K.Elliss,ATL,1,0,0,0,0,0,2.0,1
2025,1,K.Murray,DAL,1,0,0,0,0,0,2.0,1
2026,2,J.Sherwood,NYJ,0,0,0,0,1,0,2.0,1
2025,1,L.Wilson,CIN,1,0,0,0,0,0,2.0,1
2025,10,E.Speed,HOU,0,0,0,0,1,0,2.0,1
2025,10,I.Stalbird,NO,1,0,0,0,0,0,2.0,1
2025,10,J.Campbell,PHI,1,0,0,0,0,0,2.0,1
2025,10,J.Gibbens,NE,0,0,0,0,1,0,2.0,1
2025,9,E.Roberts,LV,1,0,0,0,0,0,2.0,1
2025,9,F.Oluokun,JAX,0,0,0,0,1,0,2.0,1
2025,2,C.Holcomb,PIT,1,0,0,0,0,0,2.0,1
2026,2,A.Hill,TEN,1,0,0,0,0,0,2.0,1
2025,9,V.Miller,JAX,1,0,0,0,0,0,2.0,1
2025,9,Z.Franklin,IND,1,0,0,0,0,0,2.0,1
2025,10,A.Al-Shaair,HOU,1,0,0,0,0,0,2.0,1
2026,2,H.Perkins,ATL,1,0,0,0,0,0,2.0,1
2026,2,I.Pace,MIN,1,0,0,0,0,0,2.0,1
2025,1,O.Burks,CIN,0,0,0,0,1,0,2.0,1
2025,1,C.Rozeboom,CAR,1,0,0,0,0,0,2.0,1
2026,2,R.Spillane,NE,0,0,1,0,0,0,1.5,1
2025,9,T.Wallace,CAR,0,0,1,0,0,0,1.5,1
2025,10,A.Anzalone,DET,0,0,1,0,0,0,1.5,1
2026,2,E.Wilson,MIN,0,0,1,0,0,0,1.5,1
2026,2,F.Warner,SF,0,0,1,0,0,0,1.5,1
2026,2,J.Campbell,DET,0,0,1,0,0,0,1.5,1
2026,2,T.Nowaske,DET,0,0,1,0,0,0,1.5,1
2025,19,I.McDuffie,GB,0,0,1,0,0,0,1.5,1
2025,20,A.Singleton,DEN,0,0,1,0,0,0,1.5,1
2025,19,C.Elliss,NE,0,0,1,0,0,0,1.5,1
2025,3,A.Anzalone,DET,0,0,1,0,0,0,1.5,1
2025,18,F.Luvu,WAS,0,0,1,0,0,0,1.5,1
2025,3,S.Dennis,TB,0,0,1,0,0,0,1.5,1
2025,4,D.Barnes,DET,0,0,1,0,0,0,1.5,1
2025,17,K.Britt,MIA,0,0,1,0,0,0,1.5,1
2025,17,S.Heyward,CIN,0,0,1,0,0,0,1.5,1
2025,4,N.Bolton,KC,0,0,1,0,0,0,1.5,1
2025,4,S.James,DAL,0,0,1,0,0,0,1.5,1
2025,4,T.Bernard,BUF,0,0,1,0,0,0,1.5,1
2025,4,T.Dye,LAC,0,0,1,0,0,0,1.5,1
2025,4,T.Nowaske,DET,0,0,1,0,0,0,1.5,1
2025,17,D.Lloyd,JAX,0,0,1,0,0,0,1.5,1
2026,1,D.Bush,CHI,0,0,1,0,0,0,1.5,1
2026,1,D.Phillips,LAC,0,0,1,0,0,0,1.5,1
2026,1,E.Wilson,MIN,0,0,1,0,0,0,1.5,1
2025,16,K.Murray,DAL,0,0,1,0,0,0,1.5,1
2025,5,D.Lloyd,JAX,0,0,1,0,0,0,1.5,1
2025,5,E.Speed,HOU,0,0,1,0,0,0,1.5,1
2025,5,J.Sherwood,NYJ,0,0,1,0,0,0,1.5,1
2025,15,I.McDuffie,GB,0,0,1,0,0,0,1.5,1
2025,5,P.Werner,NO,0,0,1,0,0,0,1.5,1
2025,5,T.Dodson,MIA,0,0,1,0,0,0,1.5,1
2025,6,A.Ajiake,IND,0,0,1,0,0,0,1.5,1
2025,6,J.Sherwood,NYJ,0,0,1,0,0,0,1.5,1
2025,6,K.Elliss,ATL,0,0,1,0,0,0,1.5,1
2025,6,D.Knight,CIN,0,0,1,0,0,0,1.5,1
2025,6,J.Andreessen,BUF,0,0,1,0,0,0,1.5,1
2025,14,Z.Baun,PHI,0,0,1,0,0,0,1.5,1
2025,7,B.Cashman,MIN,0,0,1,0,0,0,1.5,1
2025,7,C.Elliss,NE,0,0,1,0,0,0,1.5,1
2025,2,Q.Walker,GB,0,0,1,0,0,0,1.5,1
2025,2,D.Lloyd,JAX,0,0,1,0,0,0,1.5,1
2025,2,J.Campbell,PHI,0,0,1,0,0,0,1.5,1
2025,13,P.Queen,PIT,0,0,1,0,0,0,1.5,1
2025,13,S.Dennis,TB,0,0,1,0,0,0,1.5,1
2025,14,C.Gray,TEN,0,0,1,0,0,0,1.5,1
2025,13,E.Roberts,LV,0,0,1,0,0,0,1.5,1
2025,7,D.Davis,NO,0,0,1,0,0,0,1.5,1
2025,7,D.Greenlaw,DEN,0,0,1,0,0,0,1.5,1
2025,13,J.Gibbens,NE,0,0,1,0,0,0,1.5,1
2025,7,J.Strnad,DEN,0,0,1,0,0,0,1.5,1
2025,7,K.Elliss,ATL,0,0,1,0,0,0,1.5,1
2025,12,L.Chenal,KC,0,0,1,0,0,0,1.5,1
2025,12,N.Bolton,KC,0,0,1,0,0,0,1.5,1
2025,12,C.Elliss,NE,0,0,1,0,0,0,1.5,1
2026,1,N.Landman,LA,0,0,1,0,0,0,1.5,1
2026,1,Z.Franklin,GB,0,0,1,0,0,0,1.5,1
2025,2,A.Davis-Gaither,ARI,0,0,1,0,0,0,1.5,1
2025,8,N.Bolton,KC,0,0,1,0,0,0,1.5,1
2025,8,P.Queen,PIT,0,0,1,0,0,0,1.5,1
2025,11,K.Murray,DAL,0,0,1,0,0,0,1.5,1
2025,11,T.Buchanan,BAL,0,0,1,0,0,0,1.5,1
2025,11,T.Edmunds,CHI,0,0,1,0,0,0,1.5,1
2025,8,D.Henley,LAC,0,0,1,0,0,0,1.5,1
2025,8,F.Luvu,WAS,0,0,1,0,0,0,1.5,1
2025,8,I.Pace,MIN,0,0,1,0,0,0,1.5,1
2025,11,D.Williams,BUF,0,0,1,0,0,0,1.5,1
2025,9,D.Williams,BUF,0,0,1,0,0,0,1.5,1
2025,9,A.Anzalone,DET,0,0,1,0,0,0,1.5,1
2025,10,R.Smith,BAL,0,0,1,0,0,0,1.5,1
2025,10,I.Pace,MIN,0,0,1,0,0,0,1.5,1
2025,10,J.Campbell,DET,0,0,1,0,0,0,1.5,1
2026,2,D.Deablo,ATL,0,0,1,0,0,0,1.5,1
2025,1,M.McFadden,NYG,0,0,1,0,0,0,1.5,1
2026,2,D.Knight,CIN,0,0,1,0,0,0,1.5,1
2026,2,J.Gibbens,ARI,0,0,1,0,0,0,1.5,1
